Referinta,Valoare,Cod Mouser (MPN),Cantitate Necesara (Placa),Cantitate Cumparata si Folosita,Pret Unitar (Fara TVA) (RON),Pret Unitar (Cu TVA 21%) (RON),Cost Total Utilizat (Fara TVA) (RON),Cost Total Utilizat (Cu TVA 21%) (RON),Cantitate Comandata (Factura),Cost Total Comandat (Fara TVA) (RON),Cost Total Comandat (Cu TVA 21%) (RON)
"C1,C3,C44",100uF,647-UPJ1H101MPD6TD,3,3,1.310,1.585,3.93,4.76,10,13.10,15.85
"C2,C5,C6,C9,C13,C14,C15,C22,C23",10uF,647-UBT1H100MPD8,9,9,1.320,1.597,11.88,14.37,10,13.20,15.97
"C4,C21,C29,C34,C39,C40",0.1uF,505-MKS2C031001A00KF,6,6,1.530,1.851,9.18,11.11,10,15.30,18.51
"C7,C8,C10,C16,C17,C18,C25,C30,C35,C41",100pF,594-K101J15C0GF53L2,10,10,0.438,0.530,4.38,5.30,20,8.76,10.60
"C11,C12,C19,C20",27pF,594-K270J15C0GF5TK2,4,4,0.433,0.524,1.73,2.10,10,4.33,5.24
"C24,C26,C27,C28,C31,C32,C33,C36,C37,C38,C42,C43",47uF,647-UKA1E470MDD,12,12,1.430,1.730,17.16,20.76,15,21.45,25.95
"Q1,Q2",2N7000,512-2N7000,2,2,1.670,2.021,3.34,4.04,10,16.70,20.21
"R1,R2,R3,R4,R9,R17,R20,R21,R31,R32",100k,71-CMF55100K00FHEA,10,10,1.380,1.670,13.80,16.70,20,27.60,33.40
"R5,R6,R10,R18,R22,R23",100,71-CMF55100R00FHEA,6,6,1.650,1.996,9.90,11.98,10,16.50,19.96
"R7,R8,R24,R25,R62,R63,R64",10k,71-CMF5510K000FHEA,7,7,2.100,2.541,14.70,17.79,10,21.00,25.41
"R11,R19",2k,594-MRS25000C2001FCT,2,2,0.533,0.645,1.07,1.29,10,5.33,6.45
"R12,R26",8.2k,594-MRS25000C8201FCT,2,2,0.589,0.713,1.18,1.43,10,5.89,7.13
"R13,R15,R27,R29",6.2k,594-MRS25000C6201FCT,4,4,0.589,0.713,2.36,2.85,10,5.89,7.13
"R14,R28",390,594-MRS25000C3900FCT,2,2,0.589,0.713,1.18,1.43,10,5.89,7.13
"R16,R30",2.2k,594-MRS25000C2201FCT,2,2,0.589,0.713,1.18,1.43,10,5.89,7.13
"R33,R36,R38,R40,R43,R44,R47,R50,R51,R54,R57,R58",22k,72-CMF5522K000FHEB,12,12,1.650,1.996,19.80,23.96,15,24.75,29.95
"R34,R35,R41,R42,R48,R49,R55,R56",1k,71-CMF551K0000FHEA,8,8,2.100,2.541,16.80,20.33,10,21.00,25.41
"R37,R39,R45,R46,R52,R53,R59,R60",68,594-MRS25000C6809FCT,8,8,0.589,0.713,4.71,5.70,10,5.89,7.13
SW1,SW_DPDT_x2,688-SPPH110800,1,1,14.390,17.412,14.39,17.41,2,28.78,34.82
"U3,U9,U10,U11,U12",OPA2134,595-OPA2134PA,5,2,32.090,38.829,64.18,77.66,2,64.18,77.66
"Socket1,Socket2,Socket3,Socket4,Socket5,Socket6",Soclu DIP-8,575-11043308,6,3,5.130,6.207,15.39,18.62,10,51.30,62.07
TOTALURI,,,,,,,232.23,281.00,,382.73,463.10
